Base stacking,[1.0524175520313053, -0.9481053118397824, 0.5040036951828037, 0.5855944573128068, 0.5855944573128068, -0.07229561201392672, -0.5979879908009085, 0.5040036951828037, -0.6754475751015443, -2.535510392774146, -0.07229561201392672, -0.9481053118397824, 1.655569515118923, -0.6754475751015443, 0.5855944573128068, 1.0524175520313053]
Protein induced deformability,[-0.6651413144421716, -0.858280174381125, -0.9233483464461202, -1.0844695344165842, 1.5595704733038496, 0.36665398544560696, 2.3021738973472057, -0.9233483464461202, -0.14872725043427437, -0.3108812665327541, 0.36665398544560696, -0.858280174381125, 0.431722157510602, -0.14872725043427437, 1.5595704733038496, -0.6651413144421716]
B-DNA twist,[-0.002194495426021011, -0.6744846235858651, -1.3756904561826917, 2.1571890037786394, 0.6153623350495346, -0.05796049684020163, -1.1794767475031671, -1.3756904561826917, 1.1482374596739275, 0.8115760437290591, -0.05796049684020163, -0.6744846235858651, -1.0958277453818963, 1.1482374596739275, 0.6153623350495346, -0.002194495426021011]
Dinucleotide GC Content,[-1.414213562373095, 0.0, 0.0, -1.414213562373095, 0.0, 1.414213562373095, 1.414213562373095, 0.0, 0.0, 1.414213562373095, 1.414213562373095, 0.0, -1.414213562373095, 0.0, 0.0, -1.414213562373095]
A-philicity,[1.0274492593750582, -1.4033201442117629, -0.8250572444629864, -0.10119600745603588, 1.22984127428713, -1.22984127428713, -0.2746748773806688, -0.8250572444629864, 1.0563624043624968, 0.33250116735554647, -1.22984127428713, -1.4033201442117629, 0.33250116735554647, 1.0563624043624968, 1.22984127428713, 1.0274492593750582]
Propeller twist,[-1.948686913457321, -0.16115891838846522, -0.45030267264570356, -0.7755893961850967, 1.011938598883759, 1.442556261474003, 0.8250278148817586, -0.45030267264570356, -0.28301235768258715, 0.48734921615991217, 1.442556261474003, -0.16115891838846522, 0.24054436877605523, -0.28301235768258715, 1.011938598883759, -1.948686913457321]
Duplex stability:(freeenergy),[0.8600992886251257, 0.27878368298773587, 0.27878368298773587, 1.4414148942625156, -0.10944840887666667, -1.2720796201514466, -2.240594785494025, 0.27878368298773587, 0.27878368298773587, -1.2720796201514466, -1.2720796201514466, 0.27878368298773587, 1.4414148942625156, 0.27878368298773587, -0.10944840887666667, 0.8600992886251257]
Duplex tability(disruptenergy),[-0.12277435885631241, -0.9097696181497725, -0.5162719885030425, -1.4334003221678622, -0.12277435885631241, 1.4501833575530572, 2.106012740297608, -0.5162719885030425, -0.5162719885030425, 1.4501833575530572, 1.4501833575530572, -0.9097696181497725, -0.6474378650519524, -0.5162719885030425, -0.12277435885631241, -0.12277435885631241]
DNA denaturation,[-0.8697742618326717, 1.143515567516351, 0.0165277769469391, -0.5949999700898086, -0.9451822441530816, 0.6921006596530761, 0.19316839306735106, 0.0165277769469391, -0.22622394696122938, 2.430616197259236, 0.6921006596530761, 1.143515567516351, -1.6507117225755459, -0.22622394696122938, -0.9451822441530816, -0.8697742618326717]
Bending stiffness,[-0.9302614830302725, -0.12160787080412389, -0.12160787080412389, -1.4156602030127627, -0.12160787080412389, 2.1442746646035005, 0.6880785046560299, -0.12160787080412389, -0.12160787080412389, 0.6880785046560299, 2.1442746646035005, -0.12160787080412389, -1.4156602030127627, -0.12160787080412389, -0.12160787080412389, -0.9302614830302725]
Protein DNA twist,[0.3716884940395455, -1.075050398544315, -0.9139574169289816, -1.9579638554745082, 1.2556345982877857, -0.5122576102086948, 0.7733883007598323, -0.9139574169289816, 0.853934791567499, -0.23137753969990815, -0.5122576102086948, -1.075050398544315, 1.4559681779889055, 0.853934791567499, 1.2556345982877857, 0.3716884940395455]
Stabilising energy of Z-DNA,[0.5319433589826945, 1.058658297618635, 0.15498070682167808, 2.0377284188477955, -1.425164109086144, -0.5979118231108723, -1.8775192916793637, 0.15498070682167808, 0.15498070682167808, 0.6073358894148977, -0.5979118231108723, 1.058658297618635, -0.5225192926786691, 0.15498070682167808, -1.425164109086144, 0.5319433589826945]
Aida_BA_transition,[-0.9637060027333847, 0.2676064434467662, -1.0225858764181737, 1.064034208551545, 0.46903759026315, -0.5143595982968363, 2.43789792786329, -1.0225858764181737, -0.1962016843509584, 1.5691615459526302, -0.5143595982968363, 0.2676064434467662, -1.150675426188592, -0.1962016843509584, 0.46903759026315, -0.9637060027333847]
Breslauer_dG,[-0.12277435885631242, -0.9097696181497725, -0.5162719885030426, -0.6474378650519524, -0.12277435885631242, 1.4501833575530572, 2.106012740297608, -0.5162719885030426, -0.5162719885030426, 1.4501833575530572, 1.4501833575530572, -0.9097696181497725, -1.4334003221678622, -0.5162719885030426, -0.12277435885631242, -0.12277435885631242]
Breslauer_dH,[0.47294703631119217, -0.7261063479547701, -0.12709604401484068, 0.24160512582404695, -1.048332580419008, 1.348741411726813, 1.762884742554247, -0.12709604401484068, -1.1412824551683074, 1.3941835727153595, 1.348741411726813, -0.7261063479547701, -0.9564154820558121, -1.1412824551683074, -1.048332580419008, 0.47294703631119217]
Breslauer_dS,[0.6898437867537868, -0.5741813554417746, 0.08571412320443758, 0.6712551817214991, -1.4055050804968618, 1.1814091198298382, 1.407570481056005, 0.08571412320443758, -1.2919080497439928, 1.199997724862126, 1.1814091198298382, -0.5741813554417746, -0.6495684758504968, -1.2919080497439928, -1.4055050804968618, 0.6898437867537868]
Electron_interaction,[-1.414213562373095, 0.0, 0.0, -1.414213562373095, 0.0, 1.414213562373095, 1.414213562373095, 0.0, 0.0, 1.414213562373095, 1.414213562373095, 0.0, -1.414213562373095, 0.0, 0.0, -1.414213562373095]
Hartman_trans_free_energy,[0.6123300615833063, -1.3180007587400324, 0.24154955623494961, -0.5010442692398929, 1.1318358949822573, -0.5010442692398929, 0.6866927256086035, 0.24154955623494961, -0.42668160521459575, -1.7631439281136865, -0.5010442692398929, -1.3180007587400324, 2.0975177125329916, -0.42668160521459575, 1.1318358949822573, 0.6123300615833063]
Helix-Coil_transition,[-0.13628438603850748, -0.9161590347098344, -0.5112439853334633, -0.6351975718772503, -0.13628438603850748, 1.454453307940093, 2.1093414235131007, -0.5112439853334633, -0.5112439853334633, 1.454453307940093, 1.454453307940093, -0.9161590347098344, -1.4150722205485773, -0.5112439853334633, -0.13628438603850748, -0.13628438603850748]
Ivanov_BA_transition,[1.0274492593750582, -1.4033201442117629, -0.8250572444629864, -0.10119600745603588, 1.22984127428713, -1.22984127428713, -0.2746748773806688, -0.8250572444629864, 1.0563624043624968, 0.33250116735554647, -1.22984127428713, -1.4033201442117629, 0.33250116735554647, 1.0563624043624968, 1.22984127428713, 1.0274492593750582]
Lisser_BZ_transition,[0.6125050165582683, -1.3202398106461501, 0.240624664984997, -0.5041690391381382, 1.1269395029012936, -0.5041690391381382, 0.6837820839431453, 0.240624664984997, -0.41533095515119, -1.7633972296042988, -0.5041690391381382, -1.3202398106461501, 2.103125425781131, -0.41533095515119, 1.1269395029012936, 0.6125050165582683]
Polar_interaction,[-1.414213562373095, 0.0, 0.0, -1.414213562373095, 0.0, 1.414213562373095, 1.414213562373095, 0.0, 0.0, 1.414213562373095, 1.414213562373095, 0.0, -1.414213562373095, 0.0, 0.0, -1.414213562373095]
SantaLucia_dG,[-0.8367675943033512, 0.10625825183022033, -0.5145068451317473, -1.5040126070112232, -0.008392207009677176, 0.8881537233779898, 1.6246021661964307, -0.5145068451317473, 0.17546168194078915, 2.062546261224508, 0.8881537233779898, 0.10625825183022033, -1.8035498418181626, 0.17546168194078915, -0.008392207009677176, -0.8367675943033512]
SantaLucia_dH,[0.47913017728509444, 0.6237342728278877, -1.1848498078537624, -0.8946087303714416, -0.2438903004288719, -0.7500046348286483, 1.7082649893988373, -1.1848498078537624, -0.026984157114681984, 2.4312854671128035, -0.7500046348286483, 0.6237342728278877, -1.0392128259142348, -0.026984157114681984, -0.2438903004288719, 0.47913017728509444]
SantaLucia_dS,[0.8613098672256227, 0.698136055449066, -1.1814610169138038, -0.44614611827514283, -0.30982369324662695, -1.3177834419423198, 1.3787154349474897, -1.1814610169138038, -0.03717884318959526, 2.1687658527263887, -1.3177834419423198, 0.698136055449066, -0.5277330241634212, -0.03717884318959526, -0.30982369324662695, 0.8613098672256227]
Sarai_flexibility,[-0.7227517202090709, 0.8799782955287079, -0.5854043670562844, 3.262386894953357, 0.03317506556415985, -0.8146608512661987, -0.4253379028556686, -0.5854043670562844, -0.44805701390349795, 0.07861328765981852, -0.8146608512661987, 0.8799782955287079, 0.3997789029268605, -0.44805701390349795, 0.03317506556415985, -0.7227517202090709]
Stability,[-0.7951540269952307, 1.0028661512642991, -0.6319793066247509, -0.6908461361254936, -0.04434376301207268, -0.7868920158372318, -0.7868920158372318, 0.5133419901528591, 0.5329642666531068, 2.5994998075476037, 0.5133419901528591, 1.0028661512642991, -1.5346040256361404, 0.5329642666531068, -0.6319793066247509, -0.7951540269952307]
Stacking_energy,[-1.053472643685895, 0.9451493949509887, -0.5050135726180989, -0.5866110615340233, -0.5866110615340233, 0.07030036821949497, 0.6259895965330058, -0.5050135726180989, 0.6724691788268868, 2.5306195909755966, 0.07030036821949497, 0.9451493949509887, -1.6556414542932867, 0.6724691788268868, -0.5866110615340233, -1.053472643685895]
Sugimoto_dG,[-0.8582605885983777, -0.24378809078258803, -0.24378809078258803, -1.4737658133012532, 0.1662044833903003, 0.9872223586231623, 2.4227127316718144, -0.24378809078258803, -0.24378809078258803, 1.3972149327960506, 0.9872223586231623, -0.24378809078258803, -1.4737658133012532, -0.24378809078258803, 0.1662044833903003, -0.8582605885983777]
Sugimoto_dH,[-0.37280688826456, 0.43786737015006494, -1.1824484406175104, -1.760763835155332, -0.2571438093569957, 1.3053404619567974, 1.825824317040837, -1.1824484406175104, 0.09087813342737198, 1.0740143041416688, 1.3053404619567974, 0.43786737015006494, -1.1824484406175104, 0.09087813342737198, -0.2571438093569957, -0.37280688826456]
Sugimoto_dS,[-0.17441957255345453, 0.6621746762595622, -1.4520332587037033, -1.7308980083080423, -0.3830517185537377, 1.335581404933743, 1.4750137797359126, -1.4520332587037033, 0.19740009358566393, 0.8718396546657873, 1.335581404933743, 0.6621746762595622, -0.9872586760298052, 0.19740009358566393, -0.3830517185537377, -0.17441957255345453]
Watson-Crick_interaction,[-1.414213562373095, 0.0, 0.0, -1.414213562373095, 0.0, 1.414213562373095, 1.414213562373095, 0.0, 0.0, 1.414213562373095, 1.414213562373095, 0.0, -1.414213562373095, 0.0, 0.0, -1.414213562373095]
Twist,[0.06500867213113132, 1.5513638530121323, 0.8087027167692973, 1.1061803346245636, -1.4213465087498696, 0.06500867213113132, -1.718824126605136, 0.8087027167692973, -0.08373013679650186, -0.08373013679650186, 0.06500867213113132, 1.5513638530121323, -1.2736406082175675, -0.08373013679650186, -1.4213465087498696, 0.06500867213113132]
Tilt,[0.5186113175992887, 0.5186113175992887, 0.3709161850791029, 0.2221882194643704, -1.4086552368249539, 1.1124903469636718, -1.2599272712102212, 0.3709161850791029, 0.5186113175992887, 0.2221882194643704, 1.1124903469636718, 0.5186113175992887, -2.445619663749894, 0.5186113175992887, -1.4086552368249539, 0.5186113175992887]
Roll,[0.0948689817598942, 1.2307152939871993, -0.28718841417110846, 0.8589837736218994, -1.040977330467411, -0.28718841417110846, -1.4230347263984133, -0.28718841417110846, 0.0948689817598942, 2.3768874817802073, -0.28718841417110846, 1.2307152939871993, -1.4230347263984133, 0.0948689817598942, -1.040977330467411, 0.0948689817598942]
Shift,[1.6389849939017216, 0.13000849853162927, 0.7011679796676054, -1.052591150475048, -0.8894027272933407, 0.5782602432206232, -0.8491220405586154, 0.7011679796676054, 0.13000849853162927, -0.3595567710134931, 0.5782602432206232, 0.13000849853162927, -2.316785011072579, 0.13000849853162927, -0.8894027272933407, 1.6389849939017216]
Slide,[0.11457606691980184, 1.3312125228659568, -0.2489689521744652, 2.5953577028982946, -0.643497921759721, -0.8490247933499457, -0.2964776762606478, -0.2489689521744652, -0.40698709967850744, 0.6671231840090999, -0.8490247933499457, 1.3312125228659568, -1.5606228562929856, -0.40698709967850744, -0.643497921759721, 0.11457606691980184]
Rise,[-0.11259272469974904, 1.0784110512526424, -0.6435345641095749, 1.2095970699395058, -1.295332814435645, 0.2499765080489841, -1.434782519339004, -0.6435345641095749, 0.7344351124910236, 1.6372428316431398, 0.2499765080489841, 1.0784110512526424, -1.434782519339004, 0.7344351124910236, -1.295332814435645, -0.11259272469974904]
Clash Strength,[-0.5462937838126847, -0.1855337378986476, 1.638881351438054, 0.6596755125285249, -0.36076004591403704, 0.773057241244365, 1.5048847629556974, 1.638881351438054, -1.2471990158742423, -1.0307429883258201, 0.773057241244365, -0.1855337378986476, -1.2781213055240168, -1.2471990158742423, -0.36076004591403704, -0.5462937838126847]
Roll_roll,[0.29881032470397906, 1.1025070601146816, 0.1030380430013721, 1.226152711716328, -0.9685576042128977, 0.45336738920603725, -1.7413429267231886, 0.1030380430013721, -0.29881032470397906, 1.2982793418172884, 0.45336738920603725, 1.1025070601146816, -2.1637989030288143, -0.29881032470397906, -0.9685576042128977, 0.29881032470397906]
Twist stiffness,[0.06331663642761422, 1.5519036806033613, 0.8076101585154878, 1.1073950493564368, -1.4252704077481329, 0.06331663642761422, -1.7147178885600838, 0.8076101585154878, -0.0814071039783612, -0.0814071039783612, 0.06331663642761422, 1.5519036806033613, -1.2702092573131591, -0.0814071039783612, -1.4252704077481329, 0.06331663642761422]
Tilt stiffness,[0.5158676130680194, 0.5158676130680194, 0.3712439017698513, 0.22662019047168316, -1.4055616941790716, 1.115022988446145, -1.2609379828809033, 0.3712439017698513, 0.5158676130680194, 0.22662019047168316, 1.115022988446145, 0.5158676130680194, -2.4489184685444276, 0.5158676130680194, -1.4055616941790716, 0.5158676130680194]
Shift_rise,[1.4467338308344482, -0.4753554015598902, -0.7337007284946131, -0.6510302238755018, -1.0540489338936696, 1.6740777185370046, -0.8267050461911134, -0.7337007284946131, -0.1756748223156116, 0.85770648542328, 1.6740777185370046, -0.4753554015598902, -0.744034541572002, -0.1756748223156116, -1.0540489338936696, 1.4467338308344482]
Adenine content,[2.4494897427831783, 0.816496580927726, 0.816496580927726, 0.816496580927726, 0.816496580927726, -0.816496580927726, -0.816496580927726, -0.816496580927726, 0.816496580927726, -0.816496580927726, -0.816496580927726, -0.816496580927726, 0.816496580927726, -0.816496580927726, -0.816496580927726, -0.816496580927726]
Direction,[-1.6425939758554666, 1.312009024739901, -0.09297701750125281, -0.11363857694597566, -0.7438161400100225, -0.6818314616758541, -0.11363857694597566, -0.13430013639069852, 1.0847318708479496, 1.673586315022551, 0.45455430778390266, -1.5289553989094908, -0.11363857694597566, -1.3016782450175395, 0.5268697658404327, 1.4153168219635153]
Twist_shift,[2.055002878506394, -0.03097994289205617, -1.4870372588186969, -0.5679656196876968, -0.6505788007331799, 0.7228653341479776, 0.6712320959945507, -1.4870372588186969, -0.2788194860285057, -0.2891461336591911, 0.7228653341479776, -0.03097994289205617, -0.4750257910115282, -0.2788194860285057, -0.6505788007331799, 2.055002878506394]
Enthalpy1,[0.7422083214278352, -0.1863581276217588, 0.5152254116601568, 1.216808950942072, -0.310166987495038, 0.27792509690303824, -2.7657093749817423, 0.5152254116601568, 0.04062478214591974, -1.8268255209427084, 0.27792509690303824, -0.1863581276217588, 1.216808950942072, 0.04062478214591974, -0.310166987495038, 0.7422083214278352]
Twist_twist,[0.581462329386124, 0.8715459859172859, 0.374259717578151, 0.6021825905669212, -2.018930448803936, 0.7990250717844954, -1.8428082287671588, 0.374259717578151, 0.17741723636057682, 0.16705710577017818, 0.7990250717844954, 0.8715459859172859, -0.49599125201533506, 0.17741723636057682, -2.018930448803936, 0.581462329386124]
Roll_shift,[1.2199831361191225, 1.0546492648398769, -1.6630262443127266, 0.5689810179570921, -0.5263558792679115, -0.6916897505471574, 0.723981522281385, -1.6630262443127266, 0.7859817240111022, -0.4333555766733357, -0.6916897505471574, 1.0546492648398769, -1.2186914652497534, 0.7859817240111022, -0.5263558792679115, 1.2199831361191225]
Shift_slide,[1.187683850389176, -0.8457650884629058, -0.030321097755725796, -0.46384828268865697, -1.61992077584314, 0.48578269383109696, -1.0212403776024255, -0.030321097755725796, 0.28966325302810436, 2.0960265235819837, 0.48578269383109696, -0.8457650884629058, 0.4548164663358876, 0.28966325302810436, -1.61992077584314, 1.187683850389176]
Shift2,[-0.5773949617687003, 0.609651663543488, 0.609651663543488, 1.1980139039156164, 0.21741016996206933, 0.5167523624320995, 0.609651663543488, 0.609651663543488, 0.021289423171359945, -2.9411660678251454, 0.5167523624320995, 0.609651663543488, -1.6612201414015682, 0.021289423171359945, 0.21741016996206933, -0.5773949617687003]
Tilt3,[-0.3821725759944519, -2.0761266966185086, -1.2291496363064804, -0.0, 0.30986965621171775, 0.46480448431757665, -0.0, 1.2291496363064804, -1.3117815446296053, -0.0, -0.46480448431757665, 2.0761266966185086, -0.0, 1.3117815446296053, -0.30986965621171775, 0.3821725759944519]
Tilt1,[0.21805181004619914, -0.32901308616438324, -2.2076132957931756, 0.6618969145189358, 1.3225035816411486, -0.5457746488138594, 0.6618969145189358, -2.2076132957931756, 0.21805181004619914, 0.6618969145189358, -0.5457746488138594, -0.32901308616438324, 0.6618969145189358, 0.21805181004619914, 1.3225035816411486, 0.21805181004619914]
Tilt4,[0.41490220730174077, -0.639802469203619, 0.6734082554648192, 0.9422545455544207, 0.14605591721213926, 0.41490220730174077, 0.14605591721213926, 0.6734082554648192, 0.14605591721213926, 0.14605591721213926, 0.41490220730174077, -0.639802469203619, -3.54541045055662, 0.14605591721213926, 0.14605591721213926, 0.41490220730174077]
Tilt2,[-0.23744169171551036, -0.5677953497544812, 1.6620918420085722, -0.6503837642642238, -1.2285026658324227, 1.5795034274988295, -0.6503837642642238, 1.6620918420085722, 0.09291196632346053, -0.6503837642642238, 1.5795034274988295, -0.5677953497544812, -0.6503837642642238, 0.09291196632346053, -1.2285026658324227, -0.23744169171551036]
Slide (DNA-protein complex)1,[0.04197314119344757, -1.373490327976352, -0.43329196524312746, -1.3941540282562033, 1.7673921145610136, -0.35063716412372314, 1.4264410599434705, -0.43329196524312746, 0.5275700977699482, -0.8052385702804471, -0.35063716412372314, -1.373490327976352, 0.4139197462307672, 0.5275700977699482, 1.7673921145610136, 0.04197314119344757]
Tilt_shift,[0.6702694576776073, 0.44275272758839046, -0.08467241943661191, 1.4872613520888853, 0.7633444836231958, -1.7496812169076978, -1.253281078531225, -0.08467241943661191, -0.3328724886248483, -1.118839374387597, -1.7496812169076978, 0.44275272758839046, 1.4665780129898656, -0.3328724886248483, 0.7633444836231958, 0.6702694576776073]
Twist_tilt,[2.355471870103679, 0.09235878185490162, -1.3543801786694312, -0.3313290565843673, -0.4243337040466458, -0.372664455456491, 0.3920404236777991, -1.3543801786694312, 0.009687984110654042, -0.12465206222374828, -0.372664455456491, 0.09235878185490162, -0.5483399006630172, 0.009687984110654042, -0.4243337040466458, 2.355471870103679]
Twist (DNA-protein complex)1,[0.3700866630125247, -1.0741539731339131, -0.9090979004314631, -1.961330363909582, 1.2572630537881937, -0.5170897277631442, 0.7724108402247467, -0.9090979004314631, 0.8549388765759717, -0.22824160053385667, -0.5170897277631442, -1.0741539731339131, 1.453267140122353, 0.8549388765759717, 1.2572630537881937, 0.3700866630125247]
Tilt_rise,[-2.097713740041204, 1.0653310616963183, 1.1376882957229937, 0.5898406666638802, 0.3107484782752754, -0.5472015823267324, 0.5691671712276875, 1.1376882957229937, -0.5368648346086359, -0.28878288937432045, -0.5472015823267324, 1.0653310616963183, 0.4657996940467226, -0.5368648346086359, 0.3107484782752754, -2.097713740041204]
Roll_rise,[-0.8901474575728286, 1.561151859141889, -0.09373375551783597, 1.3232620520345535, -1.3762701068791228, -0.010989474784849722, -0.37299570299166457, -0.09373375551783597, -0.2592223169838085, 1.819727736432471, -0.010989474784849722, 1.561151859141889, -0.6315715802822466, -0.2592223169838085, -1.3762701068791228, -0.8901474575728286]
Stacking energy,[-0.42463279756599354, -0.22844986373611204, 0.07098724579370713, 0.958973156813171, -0.7240699070958126, 2.05346741923251, -1.5191270599853326, 0.07098724579370713, 0.16391600392365102, -1.6223812356852703, 2.05346741923251, -0.22844986373611204, 0.3600989377535325, 0.16391600392365102, -0.7240699070958126, -0.42463279756599354]
Stacking energy1,[1.0534630559769789, -0.9410764393368842, 0.5057397748804258, 0.5884149871214148, 0.5884149871214148, -0.07298671080649823, -0.6310443934331749, 0.5057397748804258, -0.6723819995536695, -2.5325742749759255, -0.07298671080649823, -0.9410764393368842, 1.6528583447241503, -0.6723819995536695, 0.5884149871214148, 1.0534630559769789]
Stacking energy2,[-0.9724889586507574, 1.0552539764082687, -0.7241939053782236, -0.47589885210568983, -0.6931570237191569, -0.051728136098444545, 0.40347946156786746, -0.7241939053782236, 0.7552307870372903, 2.596752432141916, -0.051728136098444545, 1.0552539764082687, -1.262166520802047, 0.7552307870372903, -0.6931570237191569, -0.9724889586507574]
Stacking energy3,[-0.41355570292313715, -0.7645296536098557, 0.5774295696040683, 0.05096864357399037, -1.5800279507937018, 1.0935677323786543, -1.4045409754503426, 0.5774295696040683, 1.217440891444555, 1.217440891444555, 1.0935677323786543, -0.7645296536098557, -0.12451833176936891, 1.217440891444555, -1.5800279507937018, -0.41355570292313715]
Propeller Twist,[-1.3914821783890834, 1.7035662258127702, -0.5145517971985581, -1.2779970702350154, 1.1464575130564367, -0.08124502061029867, 0.39332906803398554, -0.5145517971985581, -0.7518388415207002, 0.248893475837899, -0.08124502061029867, 1.7035662258127702, 0.4139627240619979, -0.7518388415207002, 1.1464575130564367, -1.3914821783890834]
Roll11,[0.04070175956992126, 0.04070175956992126, 1.3224841561845853, -0.7759176705313566, -0.7759176705313566, 0.8263103252369735, 1.549897162035574, 1.3224841561845853, -0.27974383958374477, -2.5331999884708156, 0.8263103252369735, 0.04070175956992126, -0.5898524839260021, -0.27974383958374477, -0.7759176705313566, 0.04070175956992126]
Rise (DNA-protein complex),[-2.0816659994661326, 0.4803844614152614, 0.4803844614152614, -2.0816659994661326, 0.4803844614152614, 0.4803844614152614, 0.4803844614152614, 0.4803844614152614, 0.4803844614152614, 0.4803844614152614, 0.4803844614152614, 0.4803844614152614, 0.4803844614152614, 0.4803844614152614, 0.4803844614152614, -2.0816659994661326]
Tilt_tilt,[0.4344849001545879, 0.8166766696813578, 0.12459968161936923, 0.6927225822672701, -1.5591100057553189, 0.868324206103894, -1.5074624693327825, 0.12459968161936923, 0.48613243657712435, 0.5584389875686755, 0.868324206103894, 0.8166766696813578, -2.085914877265191, 0.48613243657712435, -1.5591100057553189, 0.4344849001545879]
Roll4,[-1.3120683423908446, -0.660879327555802, 0.1143456901049628, -1.7358580187120625, 1.3960510526374272, 0.176363691517824, 0.9102433749033481, 0.1143456901049628, 0.33140869504997694, -0.9296240003448673, 0.176363691517824, -0.660879327555802, 1.6647957254264927, 0.33140869504997694, 1.3960510526374272, -1.3120683423908446]
Roll2,[-0.30805784874934405, -0.24605878485010502, 1.0662547343504551, -0.6697190548282387, -0.24605878485010502, 1.5622472455443677, 0.6115949324227019, 1.0662547343504551, -0.8350498918928762, -2.4366923759565515, 1.5622472455443677, -0.24605878485010502, 0.5082631592573035, -0.8350498918928762, -0.24605878485010502, -0.30805784874934405]
Roll3,[0.02130602965049204, -1.0013833935731236, -0.4125622105049813, -2.468271253146391, 1.2402691805634887, -0.19562809042724463, 0.9820142757090402, -0.4125622105049813, 0.6617781936895241, -0.6191661343885401, -0.19562809042724463, -1.0013833935731236, 1.4778636930295812, 0.6617781936895241, 1.2402691805634887, 0.02130602965049204]
Roll1,[-0.3117850976780799, -0.3427699521057152, 0.4318514085851665, -0.6526184963820678, -0.12587597111226828, 1.5369778831708243, 1.5679627375984597, 0.4318514085851665, -0.4976942242438915, -2.635649179750725, 1.5369778831708243, -0.3427699521057152, 0.3388968453022608, -0.4976942242438915, -0.12587597111226828, -0.3117850976780799]
Minor Groove Size,[-0.951409551674626, -0.4239977349854311, 0.951409551674626, -0.4239977349854311, 0.4239977349854311, 0.951409551674626, 2.337158246505059, 0.951409551674626, -0.951409551674626, -0.4239977349854311, 0.951409551674626, -0.4239977349854311, -1.489162776534197, -0.951409551674626, 0.4239977349854311, -0.951409551674626]
GC content,[-1.4142135623730951, 0.0, 0.0, -1.4142135623730951, 0.0, 1.4142135623730951, 1.4142135623730951, 0.0, 0.0, 1.4142135623730951, 1.4142135623730951, 0.0, -1.4142135623730951, 0.0, 0.0, -1.4142135623730951]
Slide_slide,[0.5160714500772343, 0.6816282059917356, -0.04268260113420732, 1.5921903635214922, -1.180885298046403, 1.3438552296497404, -1.8638069161937207, -0.04268260113420732, -0.5497001661223674, -0.03233530388955099, 1.3438552296497404, 0.6816282059917356, -1.2326217842696847, -0.5497001661223674, -1.180885298046403, 0.5160714500772343]
Enthalpy,[0.3722309867125914, -0.4342694844980233, 1.178731457923206, 1.7680971868848092, 0.25849374077263293, -1.30280845349407, -1.8301356846702412, 1.178731457923206, -0.09305774667814784, -1.075333961614153, -1.30280845349407, -0.4342694844980233, 1.178731457923206, -0.09305774667814784, 0.25849374077263293, 0.3722309867125914]
Shift_shift,[1.4263082471878645, -1.0715052006237191, 0.17740152328207276, -1.649511618299127, -0.049672426518980316, 1.45727287670619, -1.050862114278169, 0.17740152328207276, -0.7205727327493643, 0.5902632501930782, 1.45727287670619, -1.0715052006237191, -0.3283540921839091, -0.7205727327493643, -0.049672426518980316, 1.4263082471878645]
Slide stiffness,[0.11242083576545253, 1.3322515134963395, -0.24939334830726817, 2.5934323836926803, -0.6422201767290793, -0.8489711390563481, -0.3010810888890854, -0.24939334830726817, -0.40445657005271995, 0.6706484340490788, -0.8489711390563481, 1.3322515134963395, -1.5622619590854263, -0.40445657005271995, -0.6422201767290793, 0.11242083576545253]
Melting Temperature1,[-0.7960561397157441, 1.0102300768191697, -0.6309099713468377, -0.6928397844851777, -0.7960561397157441, 0.5147915717124505, -0.04257674653260866, -0.6309099713468377, 0.5354348427585638, 2.589440311846837, 0.5147915717124505, 1.0102300768191697, -1.5288922618527663, 0.5354348427585638, -0.7960561397157441, -0.7960561397157441]
Flexibility_slide,[1.5820239778065401, 0.4446211179456289, -0.09306023398861997, 1.0340025998735556, -1.7991645237799867, -0.1551003899810333, -1.0753627038684979, -0.09306023398861997, 0.6410816119216044, -0.9823024698798777, -0.1551003899810333, 0.4446211179456289, -0.21714054597344662, 0.6410816119216044, -1.7991645237799867, 1.5820239778065401]
Minor Groove Distance,[-0.5684090394066086, 1.6948924084124326, -0.8371114943988235, 1.663888278990254, -0.3100412942217864, -0.8164420747840377, -0.0930123882665359, -0.8371114943988235, -0.5580743295992157, 1.736231247642004, -0.8164420747840377, 1.6948924084124326, -0.5167354903696441, -0.5580743295992157, -0.3100412942217864, -0.5684090394066086]
Rise (DNA-protein complex)1,[-1.8563360886759046, 0.08250382616337353, -0.35064126119433753, -0.9900459139604824, -0.5672138048731931, 1.3716261099660851, 0.7219084789295184, -0.35064126119433753, 0.2990763698422291, 0.938481022608374, 1.3716261099660851, 0.08250382616337353, 1.3716261099660851, 0.2990763698422291, -0.5672138048731931, -1.8563360886759046]
Tilt (DNA-protein complex),[1.505798930471576, -0.6619321776623124, 0.6903191326497798, -1.0645108120300344, -0.6619321776623124, 0.2877404982820578, -1.0645108120300344, 0.6903191326497798, 1.2374131742264278, -1.0645108120300344, 0.2877404982820578, -1.1987036901526082, -1.0645108120300344, 1.2374131742264278, -0.6619321776623124, 1.505798930471576]
Guanine content,[-0.816496580927726, -0.816496580927726, 0.816496580927726, -0.816496580927726, -0.816496580927726, -0.816496580927726, 0.816496580927726, -0.816496580927726, 0.816496580927726, 0.816496580927726, 2.4494897427831783, 0.816496580927726, -0.816496580927726, -0.816496580927726, 0.816496580927726, -0.816496580927726]
Roll (DNA-protein complex)1,[-1.1073525562242925, -1.1073525562242925, 1.0556071096717554, -0.8796725913931294, 1.1694470920873368, 0.5485017334568925, 1.5730615751971255, 1.0556071096717554, -0.42431266173080356, -1.3350325210554552, 0.5485017334568925, -1.1073525562242925, 0.37256721517826663, -0.42431266173080356, 1.1694470920873368, -1.1073525562242925]
Entropy,[0.17351246055636843, -0.6624434832393693, 1.4532474856263864, 1.7318994668916323, 0.3799213355676617, -1.3332723270260725, -1.4777585395339776, 1.4532474856263864, -0.19802351446395947, -0.8688523582506625, -1.3332723270260725, -0.6624434832393693, 0.9888275168509768, -0.19802351446395947, 0.3799213355676617, 0.17351246055636843]
Cytosine content,[-0.816496580927726, 0.816496580927726, -0.816496580927726, -0.816496580927726, 0.816496580927726, 2.4494897427831783, 0.816496580927726, 0.816496580927726, -0.816496580927726, 0.816496580927726, -0.816496580927726, -0.816496580927726, -0.816496580927726, 0.816496580927726, -0.816496580927726, -0.816496580927726]
Major Groove Size,[0.0, 0.0, 1.4142135623730951, 1.4142135623730951, 0.0, 0.0, 1.4142135623730951, 1.4142135623730951, -1.4142135623730951, -1.4142135623730951, 0.0, 0.0, -1.4142135623730951, -1.4142135623730951, 0.0, 0.0]
Twist_rise,[-1.135698668154603, -1.1976810855183557, -0.47455288294123543, 1.9324309913511803, 0.31055773699963835, 0.8270778816975817, 0.3828705572573504, -0.47455288294123543, 0.23824491674192633, -1.208011488412315, 0.8270778816975817, -1.1976810855183557, 1.7568141421538797, 0.23824491674192633, 0.31055773699963835, -1.135698668154603]
Major Groove Distance,[-0.05226246975907429, -1.3530172726515888, -0.13485007629193235, -1.394311075918018, 1.4652848002821923, -0.05226246975907429, 1.3930206445659417, -0.13485007629193235, 0.020001685957176517, -1.322046920201767, -0.05226246975907429, -1.3530172726515888, 1.5375489559984432, 0.020001685957176517, 1.4652848002821923, -0.05226246975907429]
Twist (DNA-protein complex),[0.5982163678780998, -1.2067468110644428, -0.8870104765089066, -1.92873208264146, 0.711671196268774, -0.31973633455553613, 0.31973633455553613, -0.8870104765089066, 0.711671196268774, 0.1959674308566189, -0.31973633455553613, -1.2067468110644428, 2.155641739422808, 0.711671196268774, 0.7529274975017464, 0.5982163678780998]
Purine (AG) content,[1.4142135623730951, 0.0, 1.4142135623730951, 0.0, 0.0, -1.4142135623730951, 0.0, -1.4142135623730951, 1.4142135623730951, 0.0, 1.4142135623730951, 0.0, 0.0, -1.4142135623730951, 0.0, -1.4142135623730951]
Melting Temperature,[-0.795780654301094, 0.9995624101837081, -0.6306916368772042, -0.692600018411163, -0.7854625907121009, 0.5146134215010316, -0.04256201230459663, -0.6306916368772042, 0.5352495486790179, 2.598862266477641, 0.5146134215010316, 0.9995624101837081, -1.5386812327085984, 0.5352495486790179, -0.7854625907121009, -0.795780654301094]
Free energy,[1.157897229897055, -0.17575225810937442, 0.1964289943575361, 1.550755218612127, -0.14473715373713186, -0.7547008730579018, -1.9125981029549568, 0.1964289943575361, -0.05169184062040424, -1.7678609492178248, -0.7547008730579018, -0.17575225810937442, 1.6748156361010973, -0.05169184062040424, -0.14473715373713186, 1.157897229897055]
Tilt_slide,[-0.6292026438065612, -1.2693760003769292, 1.2087144121535272, -0.8873370617784838, 0.0212960894826836, 0.8679769804305896, 1.5081503370009572, 1.2087144121535272, 0.0006453360449297926, -1.919874733666174, 0.8679769804305896, -1.2693760003769292, 0.8989531105872203, 0.0006453360449297926, 0.0212960894826836, -0.6292026438065612]
Major Groove Width,[-1.2806067328927575, -1.0740572598455387, 2.149837319073897e-17, -0.598993471836935, 0.06196484191416571, 1.8486177837726097, 0.8468528394935977, 2.149837319073897e-17, 0.39244399878971603, 0.970782523321929, 1.8486177837726097, -1.0740572598455387, -1.1153671544549824, 0.39244399878971603, 0.06196484191416571, -1.2806067328927575]
Major Groove Depth,[0.5969315734424403, 1.4839486847348784, 0.11216640796866587, 0.11216640796866587, -0.7748507033237724, -1.4452706130215454, -0.3519704525913309, 0.11216640796866587, -0.4963685869877743, -0.7748507033237724, -1.4452706130215454, 1.4839486847348784, 2.061541222320652, -0.4963685869877743, -0.7748507033237724, 0.5969315734424403]
Wedge,[1.0937425692482015, -1.2911969799797354, 1.5686655963671845, -0.7027054028975172, -0.3516753393747905, -0.8988692619249231, 0.8975787102207955, 1.5686655963671845, 0.35038478767066283, 0.2368162377074277, -0.8988692619249231, -1.2911969799797354, -1.3737922890439065, 0.35038478767066283, -0.3516753393747905, 1.0937425692482015]
Free energy8,[0.9404397592571623, -0.08267602279183842, 0.2893660797714346, 1.2091368333306372, -0.10334502848979803, -1.002446776351041, -1.7671999871755466, 0.2893660797714346, 0.24802806837551533, -1.9222175299102437, -1.002446776351041, -0.08267602279183842, 1.9015485242122843, 0.24802806837551533, -0.10334502848979803, 0.9404397592571623]
Free energy6,[1.0812037630457778, 0.061783072174044426, 0.7310996873928591, 1.3798219452203258, -0.6178307217404444, -0.7928827595669037, -1.5857655191338074, 0.7310996873928591, -0.020594357391348152, -2.0594357391348144, -0.7928827595669037, 0.061783072174044426, 1.3798219452203258, -0.020594357391348152, -0.6178307217404444, 1.0812037630457778]
Free energy7,[0.9404397592571623, -0.08267602279183842, 0.2893660797714346, 1.2091368333306372, -0.10334502848979803, -1.002446776351041, -1.7671999871755466, 0.2893660797714346, 0.24802806837551533, -1.9222175299102437, -1.002446776351041, -0.08267602279183842, 1.9015485242122843, 0.24802806837551533, -0.10334502848979803, 0.9404397592571623]
Free energy4,[1.1581156386473608, 0.24918207163761494, 0.1665517473640017, 1.3750202398655955, -0.5254772184275093, -1.3517804611636417, -1.40342441383465, 0.1665517473640017, 0.11490779469299342, -1.372438042232045, -1.3517804611636417, 0.24918207163761494, 1.77784307069946, 0.11490779469299342, -0.5254772184275093, 1.1581156386473608]
Free energy5,[0.854433235064679, 0.24614894102164966, 0.24614894102164966, 1.4730274323965735, -0.16624719053294656, -0.9910394536421391, -2.424116010794361, 0.24614894102164966, 0.24614894102164966, -1.3931256819078706, -0.9910394536421391, 0.24614894102164966, 1.4730274323965735, 0.24614894102164966, -0.16624719053294656, 0.854433235064679]
Free energy2,[0.14588735727700752, 0.8895255678217537, 0.5900046219078976, 0.8068990999834487, -0.050350503838967206, -1.3827022977316377, -2.126340508276384, 0.5900046219078976, 0.4970498455898043, -1.4756570740497308, -1.3827022977316377, 0.8895255678217537, 1.4162693002909492, 0.4970498455898043, -0.050350503838967206, 0.14588735727700752]
Free energy3,[1.3661377197566302, -0.24457543494934475, 0.04452692615172767, 1.500363815982128, -0.0070984954734638365, -0.9570062533769875, -1.803663168030128, 0.04452692615172767, 0.17875302237722557, -1.7520377464049366, -0.9570062533769875, -0.24457543494934475, 1.2938621294813621, 0.17875302237722557, -0.0070984954734638365, 1.3661377197566302]
Free energy1,[1.1479346717889427, -0.14478455319860536, 0.39298664439621456, 1.3754532553867511, -0.19649332219810728, -0.9514413495908353, -1.9339079605813718, 0.39298664439621456, 0.14478455319860536, -1.8511739301821686, -0.9514413495908353, -0.14478455319860536, 1.3754532553867511, 0.39298664439621456, -0.19649332219810728, 1.1479346717889427]
Twist_roll,[0.9502859554270842, 0.5577765390550278, -0.5061305632165992, 0.8469940037502272, -0.9502859554270844, -1.2395034201222837, -1.9625470818602826, -0.5061305632165992, 1.1258822732777412, 0.2272422936890853, -1.2395034201222837, 0.5577765390550278, 1.0122611264331984, 1.1258822732777412, -0.9502859554270844, 0.9502859554270842]
Shift (DNA-protein complex),[0.6416889479197478, -0.8250286473253903, -1.558387444947959, -0.0916698497028211, -0.0916698497028211, -0.0916698497028211, -0.0916698497028211, -1.558387444947959, 2.108406543164886, -0.0916698497028211, -0.0916698497028211, -0.8250286473253903, -0.0916698497028211, 2.108406543164886, -0.0916698497028211, 0.6416889479197478]
Rise_rise,[0.0012922970945974507, 1.2729126381784033, -0.6913789456095895, 1.624417447908886, -0.7534092061502629, -0.1641217310138651, -1.8182620120984905, -0.6913789456095895, 0.40448899060897486, 1.500356926827539, -0.1641217310138651, 1.2729126381784033, -1.4460804488544494, 0.40448899060897486, -0.7534092061502629, 0.0012922970945974507]
Flexibility_shift,[-0.2887154155814789, 1.240765801637631, 0.9824074879181867, -1.7561906375079221, -0.5470737293009232, -0.2267094202888123, 2.07784673808863, 0.9824074879181867, -0.2577124179351456, -1.4668293261421446, -0.2267094202888123, 1.240765801637631, -0.6607513873374786, -0.2577124179351456, -0.5470737293009232, -0.2887154155814789]
Shift (DNA-protein complex)1,[-0.299136029603681, 1.0315035503575207, 0.7014224142431141, -0.051575177517876054, 0.7014224142431141, 0.3610262426251322, -0.051575177517876054, 0.7014224142431141, -2.393088236829448, -0.051575177517876054, 0.3610262426251322, 1.0315035503575207, -0.051575177517876054, -2.393088236829448, 0.7014224142431141, -0.299136029603681]
Thymine content,[-0.816496580927726, -0.816496580927726, -0.816496580927726, 0.816496580927726, -0.816496580927726, -0.816496580927726, -0.816496580927726, 0.816496580927726, -0.816496580927726, -0.816496580927726, -0.816496580927726, 0.816496580927726, 0.816496580927726, 0.816496580927726, 0.816496580927726, 2.4494897427831783]
Slide_rise,[-0.22788867568797386, 1.7140068950469427, -0.3208517615210284, 1.538409955140062, -1.1265318387408343, -0.5171071649463657, -0.08327943105877794, -0.3208517615210284, -0.5894117872609637, 1.6520315044915732, -0.5171071649463657, 1.7140068950469427, -0.9715933623524099, -0.5894117872609637, -1.1265318387408343, -0.22788867568797386]
Tilt_roll,[1.517390302066311, 1.3109426419212349, -1.692870813189626, 0.13419097909429964, 0.2374148091668378, -0.7225668105077672, 0.340638639239376, -1.692870813189626, -0.3509610222466298, -0.7741787255440363, -0.7225668105077672, 1.3109426419212349, -0.2993491072103607, -0.3509610222466298, 0.2374148091668378, 1.517390302066311]
Tip,[0.23806252178560738, 0.3622690548911416, -0.2484130662110685, 0.2898152439129133, -1.6560871080737904, -0.3519185104656804, -0.6210326655276713, -0.2484130662110685, 0.010350544425461218, 0.6417337543785937, -0.3519185104656804, 0.3622690548911416, 2.9809567945328226, 0.010350544425461218, -1.6560871080737904, 0.23806252178560738]
Keto (GT) content,[-1.2552386229772767, -1.2552386229772767, -1.2552386229772767, 0.17711165793676303, -1.2552386229772767, -1.2552386229772767, 0.17711165793676303, 0.17711165793676303, 0.17711165793676303, 0.17711165793676303, 1.61976661713076, 1.61976661713076, 0.17711165793676303, 0.17711165793676303, 0.17711165793676303, 1.61976661713076]
Roll stiffness,[0.0948689817598942, 1.2307152939871993, -0.28718841417110846, 0.8589837736218994, -1.040977330467411, -0.28718841417110846, -1.4230347263984133, -0.28718841417110846, 0.0948689817598942, 2.3768874817802073, -0.28718841417110846, 1.2307152939871993, -1.4230347263984133, 0.0948689817598942, -1.040977330467411, 0.0948689817598942]
Minor Groove Width,[0.21910240737811942, 1.6048120280822142, 0.012280075929747102, 0.23978464052295667, -0.7322803172843934, -1.0528549310293704, -0.039425506932345984, 0.012280075929747102, -0.8770559492982539, -0.825350366436161, -1.0528549310293704, 1.6048120280822142, 2.2769846052894245, -0.8770559492982539, -0.7322803172843934, 0.21910240737811942]
Inclination,[-1.652957833147675, -0.12397183748607558, -1.0640916050888158, 2.867424757961026e-17, 1.5186550092044262, -1.291373307146621, 2.867424757961026e-17, 1.0640916050888158, -0.3822464989153998, 2.867424757961026e-17, 1.291373307146621, 0.12397183748607564, 2.867424757961026e-17, 0.3822464989153998, -1.5186550092044262, 1.652957833147675]
Entropy1,[0.41333278769711246, -0.21601635550473114, 0.5784079727992354, 0.9291927411412466, -0.39140873967573675, 1.207757116001079, -2.960391307827525, 0.5784079727992354, -0.10252716574702164, -1.3612254521507088, 1.207757116001079, -0.21601635550473114, 0.41333278769711246, -0.10252716574702164, -0.39140873967573675, 0.41333278769711246]
Roll_slide,[-0.692256479747646, 0.5567729189396259, -1.1464489883611995, -2.457413729132137, 1.2793519099157333, 0.24709620852129394, -0.5993534666221464, -1.1464489883611995, 0.6599984890790698, 1.0419330985950122, 0.24709620852129394, 0.5567729189396259, 0.2058059804655164, 0.6599984890790698, 1.2793519099157333, -0.692256479747646]
Slide (DNA-protein complex),[0.4328935860357994, -1.4148072044359286, -0.6303085447943011, -1.683188324839643, 1.2173922456774269, -0.10386865477162996, 2.012213256103813, -0.6303085447943011, 0.4328935860357994, -0.6303085447943011, -0.10386865477162996, -1.4148072044359286, 0.4328935860357994, 0.4328935860357994, 1.2173922456774269, 0.4328935860357994]
Twist1,[0.5278060817409151, 0.1453566320583916, -1.9322741621628854, -0.753916398276191, 0.17636604689751514, -0.08204574342851434, -1.281076450541291, -1.9322741621628854, 0.92059200303648, 1.8818838630493098, -0.08204574342851434, 0.1453566320583916, 0.6415072694843681, 0.92059200303648, 0.17636604689751514, 0.5278060817409151]
Twist3,[0.7131792027658658, -1.2986825627219294, -1.0304343273235566, -0.5971102547569546, 1.363165311615769, -0.30822753971255323, -0.8344067706862843, -1.0304343273235566, 1.3425308319697402, 0.6100068045357224, -0.30822753971255323, -1.2986825627219294, -0.7415516122791552, 1.3425308319697402, 1.363165311615769, 0.7131792027658658]
Twist2,[0.13564317940595527, 0.13564317940595527, -1.6315936722830617, -0.6601301397756487, 0.5076930429194325, -0.6601301397756487, -1.435234022095393, -1.6315936722830617, 1.3034663621010365, 0.972755372311279, -0.6601301397756487, 0.13564317940595527, 1.5411648860124247, 1.3034663621010365, 0.5076930429194325, 0.13564317940595527]
Twist5,[0.7750811921785196, -0.09373375551783603, -0.14544893097595246, 1.7886986311576012, -1.8417066860021707, -0.23853624680056199, -1.0142638786723082, -0.14544893097595246, 1.157773490568581, 0.6819938763539102, -0.23853624680056199, -0.09373375551783603, -0.683286755740363, 1.157773490568581, -1.8417066860021707, 0.7750811921785196]
Twist4,[-0.08330387648846199, -0.8788881852774947, -1.2921787352977714, -1.2921787352977714, 1.063577399817806, -0.6722429102673564, 0.298989882280294, -1.2921787352977714, 1.3838775760835207, 0.5056351572904323, -0.6722429102673564, -0.8788881852774947, 1.445871158586562, 1.3838775760835207, 1.063577399817806, -0.08330387648846199]
Twist7,[-0.1547029011836011, -0.7425739256812853, -1.516088431599291, -0.9282174071016068, 1.3923261106524103, -0.1547029011836011, -0.9282174071016068, -1.516088431599291, 1.0004120943206205, 0.8147686129002993, -0.1547029011836011, -0.7425739256812853, 1.3923261106524103, 1.0004120943206205, 1.3923261106524103, -0.1547029011836011]
Twist6,[1.9621439868749113, -0.6514653776758097, 0.14398095066571417, 1.1666976585333877, -0.19692461862351032, -1.3436069880509016, -0.8787357572019593, 0.14398095066571417, 0.3712513301918638, -1.1163366085247521, -1.3436069880509016, -0.6514653776758097, 0.257616140428789, 0.3712513301918638, -0.19692461862351032, 1.9621439868749113]
Tilt (DNA-protein complex)1,[-1.083143056110812, 0.5506192624143267, -1.4657329661451797, 0.6747024764795271, 1.3054588146442958, 0.5506192624143267, 0.6747024764795271, -1.4657329661451797, -1.2072262701760121, 0.6747024764795271, 0.5506192624143267, 0.5506192624143267, 0.6747024764795271, -1.2072262701760121, 1.3054588146442958, -1.083143056110812]
Twist_slide,[-0.8230483691554981, -0.5753598317293921, -0.22446773704240852, 0.6527624996750503, 2.066651234149072, -0.9262519264163755, 1.0862174401707356, -0.22446773704240852, -0.6476023218120063, -0.4618359187424268, -0.9262519264163755, -0.5753598317293921, 0.9830138829098582, -0.6476023218120063, 2.066651234149072, -0.8230483691554981]
Minor Groove Depth,[0.3617172578702778, -2.170303547221667, -0.1653564607406984, -0.9094605340738413, 1.002473543240484, -0.062008672777761877, 0.6820954005553811, -0.1653564607406984, 1.2091691191663572, -0.1653564607406984, -0.062008672777761877, -2.170303547221667, 0.041339115185174635, 1.2091691191663572, 1.002473543240484, 0.3617172578702778]
Roll (DNA-protein complex),[-0.7318939720708603, -1.1039777566364521, 1.0768466473452112, -1.0316281318598093, 1.37658080713416, 0.20865115002549675, 1.4179234498636704, 1.0768466473452112, -0.12208999181058484, -1.7861313616733703, 0.20865115002549675, -1.1039777566364521, -0.008397724304431801, -0.12208999181058484, 1.37658080713416, -0.7318939720708603]
Rise2,[-0.816496580927726, -0.816496580927726, -0.816496580927726, -0.816496580927726, 0.816496580927726, 0.816496580927726, 0.816496580927726, -0.816496580927726, -0.816496580927726, 2.4494897427831783, 0.816496580927726, -0.816496580927726, 0.816496580927726, -0.816496580927726, 0.816496580927726, -0.816496580927726]
Persistance Length,[-0.9282914660164014, -0.12377219546885349, -0.12377219546885349, -1.413065898269411, -0.12377219546885349, 2.1453847214601276, 0.6910614247010989, -0.12377219546885349, -0.12377219546885349, 0.6910614247010989, 2.1453847214601276, -0.12377219546885349, -1.413065898269411, -0.12377219546885349, -0.12377219546885349, -0.9282914660164014]
Rise3,[-0.6074355769769632, -1.1645739405736684, -0.7209267251170328, -0.38045328069682405, -0.16378836152032764, 0.733823446496586, -0.9375916442935291, -0.7209267251170328, 1.0639795138131523, 2.6322208335668407, 0.733823446496586, -1.1645739405736684, 0.4036673791800202, 1.0639795138131523, -0.16378836152032764, -0.6074355769769632]
Shift stiffness,[1.6397797690667872, 0.13229234657957156, 0.7001814440918789, -1.055112130037071, -0.8899080289425816, 0.5762783682710118, -0.8486070036689592, 0.7001814440918789, 0.13229234657957156, -0.3633199567038966, 0.5762783682710118, 0.13229234657957156, -2.314793400882553, 0.13229234657957156, -0.8899080289425816, 1.6397797690667872]
Probability contacting nucleosome core,[1.5265863269850752, -0.22840725264273737, 0.6903835037506469, -0.8684637346246454, 0.9484707948723841, -0.22840725264273737, -2.1795471735230705, 0.6903835037506469, 0.0090330551892608, -1.302050383709164, -0.22840725264273737, -0.22840725264273737, -1.0852570591669048, 0.0090330551892608, 0.9484707948723841, 1.5265863269850752]
Mobility to bend towards major groove,[2.6051063723853227, 0.16600851418374107, 0.16600851418374107, 1.385557443284532, 0.16600851418374107, -1.2602436232392176, -0.6504691586888222, -0.23706274204448638, 0.5690797704119686, -1.4669468315613856, -1.0535404149170498, -0.6504691586888222, 0.372711722505909, -0.4437659503666543, -0.4437659503666543, 0.7757829787341365]
Slide3,[-0.6490160497495353, -1.0412643183854373, 0.0735465503692316, -1.2477107755622276, 2.313490610737409, -0.009032032501484613, 0.5690180475935289, 0.0735465503692316, -0.4322472697139052, 0.03225725893387349, -0.009032032501484613, -1.0412643183854373, 0.13548048752226877, -0.4322472697139052, 2.313490610737409, -0.6490160497495353]
Slide2,[-0.8574775958373981, -1.0227744817819568, -0.02066211074306978, -1.3636993090426093, 1.9835626313347043, 0.6508564884067, 0.4855596024621412, -0.02066211074306978, -0.6921807098928394, -0.02066211074306978, 0.6508564884067, -1.0227744817819568, 0.8161533743512586, -0.6921807098928394, 1.9835626313347043, -0.8574775958373981]
Slide1,[-0.7555465671177398, -0.9416863543973885, 0.19583456786713022, -1.3966947233031959, 2.0675735399569293, 0.4336798516133477, 0.4957264473732305, 0.19583456786713022, -0.8279342621709366, -0.14542170881222538, 0.4336798516133477, -0.9416863543973885, 0.7025484332395067, -0.8279342621709366, 2.0675735399569293, -0.7555465671177398]
Shift1,[0.07632868518608586, 1.318286952620703, -2.3972381974545267, 0.07632868518608586, 0.6973078189033945, 0.07632868518608586, 0.07632868518608586, -2.3972381974545267, 0.07632868518608586, 0.07632868518608586, 0.07632868518608586, 1.318286952620703, 0.07632868518608586, 0.07632868518608586, 0.6973078189033945, 0.07632868518608586]
Bend,[0.04129695812969906, -0.051621197662123766, -0.6813998091400341, -0.40264534176456557, 0.5265362161536626, -0.8259391625939807, -0.20648479064849515, -0.6813998091400341, -0.4852392580239636, 0.0309727185972743, -0.8259391625939807, -0.051621197662123766, 3.530889920089267, -0.4852392580239636, 0.5265362161536626, 0.04129695812969906]
Rise1,[-1.239205974990587, -0.4027419418719408, 0.34078164312241144, 1.2082258256158223, -1.0016914964507246, 1.8381555295693708, 0.23751447853986254, 0.34078164312241144, -0.19620761270684295, 0.9397311977011953, 1.8381555295693708, -0.4027419418719408, -1.063651795200254, -0.19620761270684295, -1.0016914964507246, -1.239205974990587]
Rise stiffness,[-0.11373724593995854, 1.075333961614153, -0.6410644771161298, 1.2097507068159221, -1.2924687038631646, 0.24815399114172754, -1.4372251986958389, -0.6410644771161298, 0.7341222237942775, 1.6440201913139454, 0.24815399114172754, 1.075333961614153, -1.4372251986958389, 0.7341222237942775, -1.2924687038631646, -0.11373724593995854]
Mobility to bend towards minor groove,[-1.2686987468898472, -0.5157311979227022, -0.6395066854241507, -1.5162497218927442, 0.237236351044443, 1.6090813375188309, 1.3615303625159338, 0.237236351044443, -0.26818022291980514, 0.3610118385458915, 1.3615303625159338, -0.39195571042125366, -1.134608635429945, 0.732338301050237, 1.1036647635545827, -1.2686987468898472]
